{
    "variants": {
        "facing=north,half=bottom,open=false": { "model": "wooden_trapdoor_bottom" },
        "facing=south,half=bottom,open=false": { "model": "wooden_trapdoor_bottom", "y": 180 },
        "facing=east,half=bottom,open=false": { "model": "wooden_trapdoor_bottom", "y": 90 },
        "facing=west,half=bottom,open=false": { "model": "wooden_trapdoor_bottom", "y": 270 },
        "facing=north,half=top,open=false": { "model": "wooden_trapdoor_top" },
        "facing=south,half=top,open=false": { "model": "wooden_trapdoor_top", "y": 180 },
        "facing=east,half=top,open=false": { "model": "wooden_trapdoor_top", "y": 90 },
        "facing=west,half=top,open=false": { "model": "wooden_trapdoor_top", "y": 270 },
        "facing=north,half=bottom,open=true": { "model": "wooden_trapdoor_open_b" },
        "facing=south,half=bottom,open=true": { "model": "wooden_trapdoor_open_b", "y": 180 },
        "facing=east,half=bottom,open=true": { "model": "wooden_trapdoor_open_b", "y": 90 },
        "facing=west,half=bottom,open=true": { "model": "wooden_trapdoor_open_b", "y": 270 },
        "facing=north,half=top,open=true": { "model": "wooden_trapdoor_open_t" },
        "facing=south,half=top,open=true": { "model": "wooden_trapdoor_open_t", "y": 180 },
        "facing=east,half=top,open=true": { "model": "wooden_trapdoor_open_t", "y": 90 },
        "facing=west,half=top,open=true": { "model": "wooden_trapdoor_open_t", "y": 270 }
    }
}
