{
	"textures":	{
		"texture": "blocks/iron_block",
		"surface": "blocks/iron_trapdoor",
		"particle": "blocks/iron_bars"
		},
	"elements": [
		{ "comment": "frame",
		"from": [ 0, 0, 13 ], "to": [ 16, 16, 16 ], 
		"faces":	{
			"north":	{ "rotation": 180, "texture": "#surface" },
			"south":	{ "texture": "#surface" },
			"up":	{ "uv": [ 0, 2, 16, 5 ], "texture": "#texture" },
			"down":	{ "uv": [ 0, 2, 16, 5 ], "rotation": 180, "texture": "#texture" },
			"west":	{ "uv": [ 0, 2, 16, 5 ], "rotation": 270, "texture": "#texture" },
			"east":	{ "uv": [ 0, 2, 16, 5 ], "rotation": 90, "texture": "#texture" }
			}
		},
		{ "comment": "frame inner faces",
		"from": [ 0.75, 0.75, 16 ], "to": [ 15.25, 15.25, 13 ], 
		"faces":	{
			"up":	{ "uv": [ 0.75, 2, 15.25, 5 ], "texture": "#texture" },
			"down":	{ "uv": [ 0.75, 2, 15.25, 5 ], "texture": "#texture" },
			"west":	{ "uv": [ 0.75, 2, 15.25, 5 ], "rotation": 90, "texture": "#texture" },
			"east":	{ "uv": [ 0.75, 2, 15.25, 5 ], "rotation": 270, "texture": "#texture" }
			}
		},
		{ "comment": "bar 1 (west)",
		"from": [ 2.75, 0.25, 14.25 ], "to": [ 3.25, 15.75, 14.75 ],
		"rotation":	{ "origin": [ 3, 1.5, 14.5 ], "rescale": "true", "axis": "y", "angle": 45 },
		"faces":	{
			"north":	{ "uv": [ 0, 0, 15.5, 0.5 ], "rotation": 90, "texture": "#surface" },
			"south":	{ "uv": [ 0, 0, 15.5, 0.5 ], "rotation": 90, "texture": "#surface" },
			"west":	{ "uv": [ 0, 0, 15.5, 0.5 ], "rotation": 90, "texture": "#surface" },
			"east":	{ "uv": [ 0, 0, 15.5, 0.5 ], "rotation": 90, "texture": "#surface" }
			}
		},
		{ "comment": "bar 2 (mid-west)",
		"from": [ 5.25, 0.25, 14.25 ], "to": [ 5.75, 15.75, 14.75 ], 
		"rotation":	{ "origin": [ 5.5, 1.5, 14.5 ], "rescale": "true", "axis": "y", "angle": 45 },
		"faces":	{
			"north":	{ "uv": [ 0, 0, 15.5, 0.5 ], "rotation": 90, "texture": "#surface" },
			"south":	{ "uv": [ 0, 0, 15.5, 0.5 ], "rotation": 90, "texture": "#surface" },
			"west":	{ "uv": [ 0, 0, 15.5, 0.5 ], "rotation": 90, "texture": "#surface" },
			"east":	{ "uv": [ 0, 0, 15.5, 0.5 ], "rotation": 90, "texture": "#surface" }
			}
		},
		{ "comment": "bar 3 (center)",
		"from": [ 7.75, 0.25, 14.25 ], "to": [ 8.25, 15.75, 14.75 ], 
		"rotation":	{ "origin": [ 8, 1.5, 14.5 ], "rescale": "true", "axis": "y", "angle": 45 },
		"faces":	{
			"north":	{ "uv": [ 0, 0, 15.5, 0.5 ], "rotation": 90, "texture": "#surface" },
			"south":	{ "uv": [ 0, 0, 15.5, 0.5 ], "rotation": 90, "texture": "#surface" },
			"west":	{ "uv": [ 0, 0, 15.5, 0.5 ], "rotation": 90, "texture": "#surface" },
			"east":	{ "uv": [ 0, 0, 15.5, 0.5 ], "rotation": 90, "texture": "#surface" }
			}
		},
		{ "comment": "bar 4 (mid-east)",
		"from": [ 10.25, 0.25, 14.25 ], "to": [ 10.75, 15.75, 14.75 ], 
		"rotation":	{ "origin": [ 10.5, 1.5, 14.5 ], "rescale": "true", "axis": "y", "angle": 45 },
		"faces":	{
			"north":	{ "uv": [ 0, 0, 15.5, 0.5 ], "rotation": 90, "texture": "#surface" },
			"south":	{ "uv": [ 0, 0, 15.5, 0.5 ], "rotation": 90, "texture": "#surface" },
			"west":	{ "uv": [ 0, 0, 15.5, 0.5 ], "rotation": 90, "texture": "#surface" },
			"east":	{ "uv": [ 0, 0, 15.5, 0.5 ], "rotation": 90, "texture": "#surface" }
			}
		},
		{ "comment": "bar 5 (east)",
		"from": [ 12.75, 0.25, 14.25 ], "to": [ 13.25, 15.75, 14.75 ], 
		"rotation":	{ "origin": [ 13, 1.5, 14.5 ], "rescale": "true", "axis": "y", "angle": 45 },
		"faces":	{
			"north":	{ "uv": [ 0, 0, 15.5, 0.5 ], "rotation": 90, "texture": "#surface" },
			"south":	{ "uv": [ 0, 0, 15.5, 0.5 ], "rotation": 90, "texture": "#surface" },
			"west":	{ "uv": [ 0, 0, 15.5, 0.5 ], "rotation": 90, "texture": "#surface" },
			"east":	{ "uv": [ 0, 0, 15.5, 0.5 ], "rotation": 90, "texture": "#surface" }
			}
		}
	]
}
