{
    "textures": {
        "texture": "blocks/planks_oak",
	   "handle": "blocks/planks_spruce",
	   "particle": "blocks/planks_oak"
    },
	"elements": [
		{ "comment": "south",
			"from": [ 0, 0, 12 ], "to": [ 16, 3, 16 ],
			"faces":	{
			"down":	{ "uv": [ 0, 0, 16, 4 ], "texture": "#texture" },
			"up":	{ "uv": [ 0, 0, 16, 4 ], "texture": "#texture" },
			"north":	{ "uv": [ 0, 1, 16, 4 ], "rotation": 180, "texture": "#texture" },
			"south":	{ "uv": [ 0, 1, 16, 4 ], "rotation": 180, "texture": "#texture" },
			"west":	{ "uv": [ 0, 1,  4, 4 ], "rotation": 180, "texture": "#texture" },
			"east":	{ "uv": [ 0, 1,  4, 4 ], "rotation": 180, "texture": "#texture" }
			}
		},
		{ "comment": "north",
			"from": [ 0, 0, 0 ], "to": [ 16, 3, 4 ],
			"faces":	{
			"down":	{ "uv": [ 0, 4, 16, 8 ], "texture": "#texture" },
			"up":	{ "uv": [ 0, 4, 16, 8 ], "texture": "#texture" },
			"north":	{ "uv": [ 0, 5, 16, 8 ], "rotation": 180, "texture": "#texture" },
			"south":	{ "uv": [ 0, 5, 16, 8 ], "rotation": 180, "texture": "#texture" },
			"west":	{ "uv": [ 0, 5,  4, 8 ], "rotation": 180, "texture": "#texture" },
			"east":	{ "uv": [ 0, 5,  4, 8 ], "rotation": 180, "texture": "#texture" }
			}
		},
		{ "comment": "west",
			"from": [ 0, 0, 4 ], "to": [ 4, 3, 12 ],
			"faces":	{
			"down":	{ "uv": [ 0, 8, 8, 12 ], "rotation": 90, "texture": "#texture" },
			"up":	{ "uv": [ 0, 8, 8, 12 ], "rotation": 90, "texture": "#texture" },
			"west":	{ "uv": [ 0, 9, 8, 12 ], "rotation": 180, "texture": "#texture" },
			"east":	{ "uv": [ 0, 9, 8, 12 ], "rotation": 180, "texture": "#texture" }
			}
		},
		{ "comment": "east",
			"from": [ 12, 0, 4 ], "to": [ 16, 3, 12 ],
			"faces":	{
			"down":	{ "uv": [ 8, 8, 16, 12 ], "rotation": 90, "texture": "#texture" },
			"up":	{ "uv": [ 8, 8, 16, 12 ], "rotation": 90, "texture": "#texture" },
			"west":	{ "uv": [ 8, 9, 16, 12 ], "rotation": 180, "texture": "#texture" },
			"east":	{ "uv": [ 8, 9, 16, 12 ], "rotation": 180, "texture": "#texture" }
			}
		},
		{ "comment": "e-w center",
			"from": [ 4, 0.5, 6 ], "to": [ 12, 2, 10 ],
			"faces":	{
			"down":	{ "uv": [ 8, 12, 16, 16 ], "texture": "#texture" },
			"up":	{ "uv": [ 8, 12, 16, 16 ], "texture": "#texture" },
			"north":	{ "uv": [ 8, 14.5, 16, 16 ], "rotation": 180, "texture": "#texture" },
			"south":	{ "uv": [ 8, 14.5, 16, 16 ], "rotation": 180, "texture": "#texture" }
			}
		},
		{ "comment": "n-s center",
			"from": [ 6, 1, 4 ], "to": [ 10, 2.5, 12 ],
			"faces":	{
			"down":	{ "uv": [ 0, 12, 8, 16 ], "rotation": 90, "texture": "#texture" },
			"up":	{ "uv": [ 0, 12, 8, 16 ], "rotation": 90, "texture": "#texture" },
			"west":	{ "uv": [ 0, 14.5, 8, 16 ], "rotation": 180, "texture": "#texture" },
			"east":	{ "uv": [ 0, 14.5, 8, 16 ], "rotation": 180, "texture": "#texture" }
			}
		},
		{ "comment": "handle",
			"from": [ 6.5, -0.75, 1 ], "to": [ 9.5, 3.75, 2 ],
			"faces":	{
			"down":	{ "uv": [ 0, 0, 3, 1 ], "texture": "#handle" },
			"up":	{ "uv": [ 0, 0, 3, 1 ], "texture": "#handle" },
			"north":	{ "uv": [ 0, 2, 3, 6.5 ], "rotation": 180, "texture": "#handle" },
			"south":	{ "uv": [ 0, 2, 3, 6.5 ], "rotation": 180, "texture": "#handle" },
			"west":	{ "uv": [ 0, 2, 1, 6.5 ], "rotation": 180, "texture": "#handle" },
			"east":	{ "uv": [ 0, 2, 1, 6.5 ], "rotation": 180, "texture": "#handle" }
			}
		}
	]
}
