{
	"parent": "block/wooden_trapdoor_bottom",
	"display":	{
		"thirdperson_righthand":	{
			"rotation":	[ 0, 0, 90 ],
			"translation":	[ -7, 0, 0 ],
			"scale":		[ 0.85, 0.85, 0.85 ]
			},
		"thirdperson_lefthand":	{
			"rotation":	[ 0, 0, 90 ],
			"translation":	[ -7, 0, 0 ],
			"scale":		[ 0.85, 0.85, 0.85 ]
			},
		"firstperson_righthand":	{
			"rotation":	[ 45, 0, 90 ],
			"translation":	[ -2, 0, 0 ],
			"scale":		[ 0.55, 0.55, 0.55 ]
			},
		"firstperson_lefthand":	{
			"rotation": [ 45, 0, 90 ],
			"translation": [ -2, 0, 0 ],
			"scale": [ 0.55, 0.55, 0.55 ]
			},
		"gui":	{
			"rotation": [ 22.5, 45, 0 ],
			"translation": [ 0, 3, 0 ],
			"scale": [ 0.65, 0.65, 0.65 ]
			},
		"head":	{
			"rotation": [ 0, 0, 0 ],
			"translation": [ 0, 0, 0 ],
			"scale": [ 1, 1, 1 ]
			},
		"ground":	{
			"rotation": [ 0, 0, 0 ],
			"translation": [ 0, 5, 0 ],
			"scale": [ 1, 1, 1 ]
			},
		"fixed":	{
			"rotation": [ 90, 0, 0 ],
			"translation": [ 0, 0, 4 ],
			"scale": [ 0.55, 0.55, 0.55 ]
			}
		}
}
